docket_number,transcript_link
Services for News Media,https://www.supremecourt.gov../../publicinfo/PIOServices.pdf
A Reporter's Guide to Applications,https://www.supremecourt.gov../../publicinfo/reportersguide.pdf
23-108,https://www.supremecourt.gov../argument_transcripts/2023/23-108_o7jp.pdf
23-50,https://www.supremecourt.gov../argument_transcripts/2023/23-50_g3bh.pdf
23-5572,https://www.supremecourt.gov../argument_transcripts/2023/23-5572_l537.pdf
22-982,https://www.supremecourt.gov../argument_transcripts/2023/22-982_m64n.pdf
23-175,https://www.supremecourt.gov../argument_transcripts/2023/23-175_20f4.pdf
22-1218,https://www.supremecourt.gov../argument_transcripts/2023/22-1218_h3ci.pdf
23-334,https://www.supremecourt.gov../argument_transcripts/2023/23-334_ifjm.pdf
23-367,https://www.supremecourt.gov../argument_transcripts/2023/23-367_5he6.pdf
23-726,https://www.supremecourt.gov../argument_transcripts/2023/23-726_ggco.pdf
23-939,https://www.supremecourt.gov../argument_transcripts/2023/23-939_3fb4.pdf
23-411,https://www.supremecourt.gov../argument_transcripts/2023/23-411_5367.pdf
22-842,https://www.supremecourt.gov../argument_transcripts/2023/22-842_1823.pdf
23-14,https://www.supremecourt.gov../argument_transcripts/2023/23-14_885f.pdf
22-1079,https://www.supremecourt.gov../argument_transcripts/2023/22-1079_4357.pdf
22-1025,https://www.supremecourt.gov../argument_transcripts/2023/22-1025_k13j.pdf
141-Orig,https://www.supremecourt.gov../argument_transcripts/2023/141-orig_2_5okl.pdf
23-250,https://www.supremecourt.gov../argument_transcripts/2023/23-250_9o6b.pdf
23-21,https://www.supremecourt.gov../argument_transcripts/2023/23-21_7m4e.pdf
23-235,https://www.supremecourt.gov../argument_transcripts/2023/23-235_g71f.pdf
23-370,https://www.supremecourt.gov../argument_transcripts/2023/23-370_5368.pdf
23-146,https://www.supremecourt.gov../argument_transcripts/2023/23-146_5pd4.pdf
23-719,https://www.supremecourt.gov../argument_transcripts/2023/23-719_2jf3.pdf
22-1008,https://www.supremecourt.gov../argument_transcripts/2023/22-1008_f3b7.pdf
23-51,https://www.supremecourt.gov../argument_transcripts/2023/23-51_869d.pdf
23A349,https://www.supremecourt.gov../argument_transcripts/2023/23a349_iie0.pdf
22-1078,https://www.supremecourt.gov../argument_transcripts/2023/22-1078_775f.pdf
22-277,https://www.supremecourt.gov../argument_transcripts/2023/22-277_5924.pdf
22-555,https://www.supremecourt.gov../argument_transcripts/2023/22-555_6a77.pdf
22-7386,https://www.supremecourt.gov../argument_transcripts/2023/22-7386_ipdh.pdf
22-529,https://www.supremecourt.gov../argument_transcripts/2023/22-529_f64i.pdf
22-976,https://www.supremecourt.gov../argument_transcripts/2023/22-976_l07n.pdf
23-3,https://www.supremecourt.gov../argument_transcripts/2023/23-3_g21a.pdf
22-674,https://www.supremecourt.gov../argument_transcripts/2023/22-674_kifl.pdf
22-1178,https://www.supremecourt.gov../argument_transcripts/2023/22-1178_97m5.pdf
22-1074,https://www.supremecourt.gov../argument_transcripts/2023/22-1074_qp3m.pdf
22-1238,https://www.supremecourt.gov../argument_transcripts/2023/22-1238_121f.pdf
22-899,https://www.supremecourt.gov../argument_transcripts/2023/22-899_l9g4.pdf
22-1165,https://www.supremecourt.gov../argument_transcripts/2023/22-1165_9m6j.pdf
22-913,https://www.supremecourt.gov../argument_transcripts/2023/22-913_9pg7.pdf
22-451,https://www.supremecourt.gov../argument_transcripts/2023/22-451_114p.pdf
22-1219,https://www.supremecourt.gov../argument_transcripts/2023/22-1219_4246.pdf
22-6389,https://www.supremecourt.gov../argument_transcripts/2023/22-6389_7q84.pdf
22-721,https://www.supremecourt.gov../argument_transcripts/2023/22-721_l0h7.pdf
22-666,https://www.supremecourt.gov../argument_transcripts/2023/22-666_l6h2.pdf
22-859,https://www.supremecourt.gov../argument_transcripts/2023/22-859_h280.pdf
23-124,https://www.supremecourt.gov../argument_transcripts/2023/23-124_kp3g.pdf
22-800,https://www.supremecourt.gov../argument_transcripts/2023/22-800_6j36.pdf
22-193,https://www.supremecourt.gov../argument_transcripts/2023/22-193_3i4q.pdf
22-585,https://www.supremecourt.gov../argument_transcripts/2023/22-585_d6od.pdf
22-324,https://www.supremecourt.gov../argument_transcripts/2023/22-324_4gid.pdf
22-611,https://www.supremecourt.gov../argument_transcripts/2023/22-611_p3lb.pdf
22-704,https://www.supremecourt.gov../argument_transcripts/2023/22-704_i624.pdf
22-846,https://www.supremecourt.gov../argument_transcripts/2023/22-846_dijk.pdf
22-915,https://www.supremecourt.gov../argument_transcripts/2023/22-915_6khn.pdf
22-888,https://www.supremecourt.gov../argument_transcripts/2023/22-888_olp1.pdf
22-340,https://www.supremecourt.gov../argument_transcripts/2023/22-340_hhdp.pdf
22-448,https://www.supremecourt.gov../argument_transcripts/2023/22-448_2ma8.pdf
22-429,https://www.supremecourt.gov../argument_transcripts/2023/22-429_9klb.pdf
22-660,https://www.supremecourt.gov../argument_transcripts/2023/22-660_5357.pdf
22-500,https://www.supremecourt.gov../argument_transcripts/2023/22-500_2l82.pdf
22-807,https://www.supremecourt.gov../argument_transcripts/2023/22-807_1chk.pdf
Services for News Media,https://www.supremecourt.gov../../publicinfo/PIOServices.pdf
A Reporter's Guide to Applications (PDF),https://www.supremecourt.gov../../publicinfo/reportersguide.pdf
